<?xml version="1.0" encoding="UTF-8"?>
<metadata xml:lang="en"><Esri><CreaDate>20150421</CreaDate><CreaTime>13144500</CreaTime><ArcGISFormat>1.0</ArcGISFormat><SyncOnce>FALSE</SyncOnce><RematchLocator>Locators/TA_Address_NA_10<Category Locator="Review">Address</Category><Description Locator="Review">::</Description><OutColumns Locator="Review">Loc_name</OutColumns><OutColumns Locator="Review">Shape</OutColumns><OutColumns Locator="Review">Status</OutColumns><OutColumns Locator="Review">Score</OutColumns><OutColumns Locator="Review">Match_addr</OutColumns><OutColumns Locator="Review">Side</OutColumns><OutColumns Locator="Review">X</OutColumns><OutColumns Locator="Review">Y</OutColumns><OutColumns Locator="Review">Disp_Lon</OutColumns><OutColumns Locator="Review">Disp_Lat</OutColumns><OutColumns Locator="Review">Addr_type</OutColumns><OutColumns Locator="Review">House</OutColumns><OutColumns Locator="Review">PreDir</OutColumns><OutColumns Locator="Review">PreType</OutColumns><OutColumns Locator="Review">StreetName</OutColumns><OutColumns Locator="Review">SufType</OutColumns><OutColumns Locator="Review">SufDir</OutColumns><OutColumns Locator="Review">City</OutColumns><OutColumns Locator="Review">Province</OutColumns><OutColumns Locator="Review">Postal</OutColumns><OutColumns Locator="Review">ZIP</OutColumns><OutColumns Locator="Review">ZIP4</OutColumns><OutColumns Locator="Review">ZIP4_TYPE</OutColumns><OutColumns Locator="Review">User_fld</OutColumns><OutColumns Locator="Review">State</OutColumns><OutColumns Locator="Review">Ldu</OutColumns><OutColumns Locator="Review">xmin</OutColumns><OutColumns Locator="Review">xmax</OutColumns><OutColumns Locator="Review">ymin</OutColumns><OutColumns Locator="Review">ymax</OutColumns><OutKeyColumns Locator="Review">::</OutKeyColumns><OutTable Locator="Review">::</OutTable><InColumns Locator="Review">ARC_Address</InColumns><InColumns Locator="Review">ARC_City</InColumns><InColumns Locator="Review">ARC_State</InColumns><InColumns Locator="Review">ARC_Zip</InColumns><InColumns Locator="Review">ARC_Zip4</InColumns><InColumns Locator="Review">ARC_Country</InColumns><InKeyColumns Locator="Review">::</InKeyColumns><InTable Locator="Review">::</InTable><CLSID Locator="Review">{47A9F8CE-597B-11D5-9BE2-000000000000}</CLSID><ServerObjectURL Locator="Review">http://tasks.arcgisonline.com/ArcGIS/Services/Locators/TA_Address_NA_10/GeocodeServer</ServerObjectURL><ServerObjectName Locator="Review">Locators/TA_Address_NA_10</ServerObjectName><ServerObjectType Locator="Review">GeocodeServer</ServerObjectType><ServerConnectionURL Locator="Review">http://tasks.arcgisonline.com/arcgis/services</ServerConnectionURL><ServerType Locator="Review">0</ServerType></RematchLocator><DataProperties><lineage><Process Name="Add Field (2)" ToolSource="c:\program files\arcgis\desktop10.1\ArcToolbox\Toolboxes\Data Management Tools.tbx\AddField" Date="20130313" Time="121242">AddField C:\Users\kylewalker\Documents\Research\Migration\Data\migration.gdb\city_halls geostr TEXT # # # # NULLABLE NON_REQUIRED #</Process><Process Name="Calculate Field (2)" ToolSource="c:\program files\arcgis\desktop10.1\ArcToolbox\Toolboxes\Data Management Tools.tbx\CalculateField" Date="20130313" Time="121242">CalculateField C:\Users\kylewalker\Documents\Research\Migration\Data\migration.gdb\city_halls geostr [geoid10] VB #</Process><Process Name="Add Field (2)" ToolSource="c:\program files\arcgis\desktop10.1\ArcToolbox\Toolboxes\Data Management Tools.tbx\AddField" Date="20130313" Time="121532">AddField C:\Users\kylewalker\Documents\Research\Migration\Data\migration.gdb\city_halls geostr TEXT # # # # NULLABLE NON_REQUIRED #</Process><Process Name="Calculate Field (2)" ToolSource="c:\program files\arcgis\desktop10.1\ArcToolbox\Toolboxes\Data Management Tools.tbx\CalculateField" Date="20130313" Time="121532">CalculateField C:\Users\kylewalker\Documents\Research\Migration\Data\migration.gdb\city_halls geostr [geoid10] VB #</Process><Process ToolSource="c:\program files\arcgis\desktop10.1\ArcToolbox\Toolboxes\Data Management Tools.tbx\Project" Date="20130313" Time="125229">Project C:\Users\kylewalker\Documents\Research\Migration\Data\migration.gdb\city_halls C:\Users\kylewalker\Documents\Research\Migration\Data\migration.gdb\halls_proj PROJCS['USA_Contiguous_Albers_Equal_Area_Conic',GEOGCS['GCS_North_American_1983',DATUM['D_North_American_1983',SPHEROID['GRS_1980',6378137.0,298.257222101]],PRIMEM['Greenwich',0.0],UNIT['Degree',0.0174532925199433]],PROJECTION['Albers'],PARAMETER['False_Easting',0.0],PARAMETER['False_Northing',0.0],PARAMETER['Central_Meridian',-96.0],PARAMETER['Standard_Parallel_1',29.5],PARAMETER['Standard_Parallel_2',45.5],PARAMETER['Latitude_Of_Origin',37.5],UNIT['Meter',1.0]] # GEOGCS['GCS_North_American_1983',DATUM['D_North_American_1983',SPHEROID['GRS_1980',6378137.0,298.257222101]],PRIMEM['Greenwich',0.0],UNIT['Degree',0.0174532925199433]]</Process></lineage><itemProps><itemLocation><linkage Sync="TRUE">file://\\SCH2015W1\Users\kylewalker\Documents\Research\Superdiversity\REP conference\rings.gdb</linkage><protocol Sync="TRUE">Local Area Network</protocol></itemLocation><itemName Sync="TRUE">chiclip3</itemName><imsContentType Sync="TRUE">002</imsContentType><itemSize Sync="TRUE">0.000</itemSize></itemProps><coordRef><type Sync="TRUE">Projected</type><geogcsn Sync="TRUE">GCS_North_American_1983</geogcsn><csUnits Sync="TRUE">Linear Unit: Meter (1.000000)</csUnits><projcsn Sync="TRUE">USA_Contiguous_Albers_Equal_Area_Conic</projcsn><peXml Sync="TRUE">&lt;ProjectedCoordinateSystem xsi:type='typens:ProjectedCoordinateSystem' xmlns:xsi='http://www.w3.org/2001/XMLSchema-instance' xmlns:xs='http://www.w3.org/2001/XMLSchema' xmlns:typens='http://www.esri.com/schemas/ArcGIS/10.1'&gt;&lt;WKT&gt;PROJCS[&amp;quot;USA_Contiguous_Albers_Equal_Area_Conic&amp;quot;,GEOGCS[&amp;quot;GCS_North_American_1983&amp;quot;,DATUM[&amp;quot;D_North_American_1983&amp;quot;,SPHEROID[&amp;quot;GRS_1980&amp;quot;,6378137.0,298.257222101]],PRIMEM[&amp;quot;Greenwich&amp;quot;,0.0],UNIT[&amp;quot;Degree&amp;quot;,0.0174532925199433]],PROJECTION[&amp;quot;Albers&amp;quot;],PARAMETER[&amp;quot;False_Easting&amp;quot;,0.0],PARAMETER[&amp;quot;False_Northing&amp;quot;,0.0],PARAMETER[&amp;quot;Central_Meridian&amp;quot;,-96.0],PARAMETER[&amp;quot;Standard_Parallel_1&amp;quot;,29.5],PARAMETER[&amp;quot;Standard_Parallel_2&amp;quot;,45.5],PARAMETER[&amp;quot;Latitude_Of_Origin&amp;quot;,37.5],UNIT[&amp;quot;Meter&amp;quot;,1.0],AUTHORITY[&amp;quot;ESRI&amp;quot;,102003]]&lt;/WKT&gt;&lt;XOrigin&gt;-16901100&lt;/XOrigin&gt;&lt;YOrigin&gt;-8579000&lt;/YOrigin&gt;&lt;XYScale&gt;10000&lt;/XYScale&gt;&lt;ZOrigin&gt;-100000&lt;/ZOrigin&gt;&lt;ZScale&gt;10000&lt;/ZScale&gt;&lt;MOrigin&gt;-100000&lt;/MOrigin&gt;&lt;MScale&gt;10000&lt;/MScale&gt;&lt;XYTolerance&gt;0.001&lt;/XYTolerance&gt;&lt;ZTolerance&gt;0.001&lt;/ZTolerance&gt;&lt;MTolerance&gt;0.001&lt;/MTolerance&gt;&lt;HighPrecision&gt;true&lt;/HighPrecision&gt;&lt;WKID&gt;102003&lt;/WKID&gt;&lt;LatestWKID&gt;102003&lt;/LatestWKID&gt;&lt;/ProjectedCoordinateSystem&gt;</peXml></coordRef></DataProperties><SyncDate>20141023</SyncDate><SyncTime>05515500</SyncTime><ModDate>20141023</ModDate><ModTime>05515500</ModTime></Esri><dataIdInfo><envirDesc Sync="TRUE">Microsoft Windows 7 Version 6.1 (Build 7601) Service Pack 1; Esri ArcGIS 10.2.2.3552</envirDesc><dataLang><languageCode value="eng" Sync="TRUE"></languageCode><countryCode value="USA" Sync="TRUE"></countryCode></dataLang><idCitation><resTitle Sync="TRUE">chiclip3</resTitle><presForm><PresFormCd value="005" Sync="TRUE"></PresFormCd></presForm></idCitation><spatRpType><SpatRepTypCd value="001" Sync="TRUE"></SpatRepTypCd></spatRpType></dataIdInfo><mdLang><languageCode value="eng" Sync="TRUE"></languageCode><countryCode value="USA" Sync="TRUE"></countryCode></mdLang><distInfo><distFormat><formatName Sync="TRUE">File Geodatabase Feature Class</formatName></distFormat><distTranOps><transSize Sync="TRUE">0.000</transSize></distTranOps></distInfo><mdHrLv><ScopeCd value="005" Sync="TRUE"></ScopeCd></mdHrLv><mdHrLvName Sync="TRUE">dataset</mdHrLvName><refSysInfo><RefSystem><refSysID><identCode code="102003" Sync="TRUE"></identCode><idCodeSpace Sync="TRUE">ESRI</idCodeSpace><idVersion Sync="TRUE">10.2.1</idVersion></refSysID></RefSystem></refSysInfo><spatRepInfo><VectSpatRep><geometObjs Name="chiclip3"><geoObjTyp><GeoObjTypCd value="002" Sync="TRUE"></GeoObjTypCd></geoObjTyp><geoObjCnt Sync="TRUE">0</geoObjCnt></geometObjs><topLvl><TopoLevCd value="001" Sync="TRUE"></TopoLevCd></topLvl></VectSpatRep></spatRepInfo><spdoinfo><ptvctinf><esriterm Name="chiclip3"><efeatyp Sync="TRUE">Simple</efeatyp><efeageom code="4" Sync="TRUE"></efeageom><esritopo Sync="TRUE">FALSE</esritopo><efeacnt Sync="TRUE">0</efeacnt><spindex Sync="TRUE">TRUE</spindex><linrefer Sync="TRUE">FALSE</linrefer></esriterm></ptvctinf></spdoinfo><eainfo><detailed Name="chiclip3"><enttyp><enttypl Sync="TRUE">chiclip3</enttypl><enttypt Sync="TRUE">Feature Class</enttypt><enttypc Sync="TRUE">0</enttypc></enttyp><attr><attrlabl Sync="TRUE">OBJECTID</attrlabl><attalias Sync="TRUE">OBJECTID</attalias><attrtype Sync="TRUE">OID</attrtype><attwidth Sync="TRUE">4</attwidth><atprecis Sync="TRUE">0</atprecis><attscale Sync="TRUE">0</attscale><attrdef Sync="TRUE">Internal feature number.</attrdef><attrdefs Sync="TRUE">Esri</attrdefs><attrdomv><udom Sync="TRUE">Sequential unique whole numbers that are automatically generated.</udom></attrdomv></attr><attr><attrlabl Sync="TRUE">Shape</attrlabl><attalias Sync="TRUE">Shape</attalias><attrtype Sync="TRUE">Geometry</attrtype><attwidth Sync="TRUE">0</attwidth><atprecis Sync="TRUE">0</atprecis><attscale Sync="TRUE">0</attscale><attrdef Sync="TRUE">Feature geometry.</attrdef><attrdefs Sync="TRUE">Esri</attrdefs><attrdomv><udom Sync="TRUE">Coordinates defining the features.</udom></attrdomv></attr><attr><attrlabl Sync="TRUE">distance</attrlabl><attalias Sync="TRUE">distance</attalias><attrtype Sync="TRUE">Double</attrtype><attwidth Sync="TRUE">8</attwidth><atprecis Sync="TRUE">0</atprecis><attscale Sync="TRUE">0</attscale></attr><attr><attrlabl Sync="TRUE">Shape_Length</attrlabl><attalias Sync="TRUE">Shape_Length</attalias><attrtype Sync="TRUE">Double</attrtype><attwidth Sync="TRUE">8</attwidth><atprecis Sync="TRUE">0</atprecis><attscale Sync="TRUE">0</attscale><attrdef Sync="TRUE">Length of feature in internal units.</attrdef><attrdefs Sync="TRUE">Esri</attrdefs><attrdomv><udom Sync="TRUE">Positive real numbers that are automatically generated.</udom></attrdomv></attr><attr><attrlabl Sync="TRUE">Shape_Area</attrlabl><attalias Sync="TRUE">Shape_Area</attalias><attrtype Sync="TRUE">Double</attrtype><attwidth Sync="TRUE">8</attwidth><atprecis Sync="TRUE">0</atprecis><attscale Sync="TRUE">0</attscale><attrdef Sync="TRUE">Area of feature in internal units squared.</attrdef><attrdefs Sync="TRUE">Esri</attrdefs><attrdomv><udom Sync="TRUE">Positive real numbers that are automatically generated.</udom></attrdomv></attr></detailed></eainfo><mdDateSt Sync="TRUE">20141023</mdDateSt></metadata>
